{
  "case_name": "bc_093f077_xli1m_utm10_2019",
  "goal_reached": true,
  "traversal_time_s": 18.024999999999046,
  "dist_to_goal_final_m": 0.16496043998094517,
  "roll_rms_rad": 0.20818577288609177,
  "pitch_rms_rad": 0.05880775957069507,
  "mean_abs_roll_deg": 9.622550812646633,
  "mean_abs_pitch_deg": 2.4554926468855376,
  "max_abs_roll_deg": 35.55003188172123,
  "max_abs_pitch_deg": 13.391678884380914,
  "total_path_length_m": 7.482903550850965,
  "num_body_contacts": 0,
  "body_contact_steps": 0,
  "mpc_solve_time_mean_ms": 10.319905488129734,
  "mpc_solve_time_max_ms": 48.523737998038996,
  "sim_wall_time_s": 535.0856862019973
}