{
  "case_name": "bc_083e021_xli1m_utm11_2019",
  "goal_reached": true,
  "traversal_time_s": 12.459999999998534,
  "dist_to_goal_final_m": 0.07208880550889868,
  "roll_rms_rad": 0.21115938095802692,
  "pitch_rms_rad": 0.05027200841481282,
  "mean_abs_roll_deg": 9.185317819595804,
  "mean_abs_pitch_deg": 2.3256071412316923,
  "max_abs_roll_deg": 39.06483867703189,
  "max_abs_pitch_deg": 12.93638173675104,
  "total_path_length_m": 7.620004766179203,
  "num_body_contacts": 0,
  "body_contact_steps": 0,
  "mpc_solve_time_mean_ms": 10.1787805919339,
  "mpc_solve_time_max_ms": 51.23316699973657,
  "sim_wall_time_s": 524.578889856999
}