{
  "case0_full_system": {
    "case_name": "case0_full_system",
    "goal_reached": true,
    "traversal_time_s": 14.699999999997292,
    "dist_to_goal_final_m": 0.23115048163258348,
    "roll_rms_rad": 0.2711682438398547,
    "pitch_rms_rad": 0.0696481388719697,
    "mean_abs_roll_deg": 12.49206870724402,
    "mean_abs_pitch_deg": 2.781558652289748,
    "max_abs_roll_deg": 40.55161698094792,
    "max_abs_pitch_deg": 16.8278505707854,
    "total_path_length_m": 8.338744982696719,
    "num_body_contacts": 0,
    "body_contact_steps": 0,
    "mpc_solve_time_mean_ms": 9.451625313320417,
    "mpc_solve_time_max_ms": 35.50615099811694,
    "sim_wall_time_s": 363.6915062029984
  },
  "case1_no_path_planning": {
    "case_name": "case1_no_path_planning",
    "goal_reached": false,
    "traversal_time_s": null,
    "dist_to_goal_final_m": 2.6541017904930015,
    "roll_rms_rad": 0.11656386765417799,
    "pitch_rms_rad": 0.045077273127319094,
    "mean_abs_roll_deg": 5.164106623655433,
    "mean_abs_pitch_deg": 1.989958184315866,
    "max_abs_roll_deg": 25.67482336746502,
    "max_abs_pitch_deg": 9.848313358818535,
    "total_path_length_m": 4.1567201389280575,
    "num_body_contacts": 0,
    "body_contact_steps": 0,
    "mpc_solve_time_mean_ms": 7.4427489432653395,
    "mpc_solve_time_max_ms": 29.875847001676448,
    "sim_wall_time_s": 317.7793459829991
  },
  "case2_no_fqa_steppability": {
    "case_name": "case2_no_fqa_steppability",
    "goal_reached": false,
    "traversal_time_s": null,
    "dist_to_goal_final_m": 2.538149677999562,
    "roll_rms_rad": 0.8867799212571593,
    "pitch_rms_rad": 0.12603922272048929,
    "mean_abs_roll_deg": 42.32167385248761,
    "mean_abs_pitch_deg": 6.420103390732515,
    "max_abs_roll_deg": 179.87403912896252,
    "max_abs_pitch_deg": 15.443941047442927,
    "total_path_length_m": 5.854705416685138,
    "num_body_contacts": 4,
    "body_contact_steps": 26,
    "mpc_solve_time_mean_ms": 7.706733872283722,
    "mpc_solve_time_max_ms": 35.35772300165263,
    "sim_wall_time_s": 285.28261840600317
  },
  "case3_no_terrain_friction_cones": {
    "case_name": "case3_no_terrain_friction_cones",
    "goal_reached": true,
    "traversal_time_s": 15.779999999996694,
    "dist_to_goal_final_m": 0.4203063905110668,
    "roll_rms_rad": 0.3621263095074045,
    "pitch_rms_rad": 0.18108320743559325,
    "mean_abs_roll_deg": 14.472156988748326,
    "mean_abs_pitch_deg": 5.180182874608665,
    "max_abs_roll_deg": 106.8613034938218,
    "max_abs_pitch_deg": 47.08525924781694,
    "total_path_length_m": 8.686569507091066,
    "num_body_contacts": 6,
    "body_contact_steps": 38,
    "mpc_solve_time_mean_ms": 7.399262405564918,
    "mpc_solve_time_max_ms": 30.033924002054846,
    "sim_wall_time_s": 357.30696325700046
  },
  "case4_no_terrain_com_adapt": {
    "case_name": "case4_no_terrain_com_adapt",
    "goal_reached": true,
    "traversal_time_s": 17.919999999998918,
    "dist_to_goal_final_m": 0.7226854551361996,
    "roll_rms_rad": 0.7289195083804153,
    "pitch_rms_rad": 0.16436567434386792,
    "mean_abs_roll_deg": 26.000175826677097,
    "mean_abs_pitch_deg": 6.138676972536346,
    "max_abs_roll_deg": 179.56354917994858,
    "max_abs_pitch_deg": 34.402592006868105,
    "total_path_length_m": 8.559045087110617,
    "num_body_contacts": 8,
    "body_contact_steps": 44,
    "mpc_solve_time_mean_ms": 6.9965594221988185,
    "mpc_solve_time_max_ms": 36.70270799921127,
    "sim_wall_time_s": 354.0674553159988
  },
  "case5_no_capture_point": {
    "case_name": "case5_no_capture_point",
    "goal_reached": false,
    "traversal_time_s": null,
    "dist_to_goal_final_m": 2.455360611847105,
    "roll_rms_rad": 0.8663973361684372,
    "pitch_rms_rad": 0.27938082689160243,
    "mean_abs_roll_deg": 34.87281750071859,
    "mean_abs_pitch_deg": 10.23409807055575,
    "max_abs_roll_deg": 179.34482988506497,
    "max_abs_pitch_deg": 52.73320828996551,
    "total_path_length_m": 8.465673437389386,
    "num_body_contacts": 12,
    "body_contact_steps": 72,
    "mpc_solve_time_mean_ms": 7.528843197788875,
    "mpc_solve_time_max_ms": 32.0258650026517,
    "sim_wall_time_s": 363.05576082100015
  },
  "case6_no_terrain_foothold": {
    "case_name": "case6_no_terrain_foothold",
    "goal_reached": false,
    "traversal_time_s": null,
    "dist_to_goal_final_m": 1.2257097642609418,
    "roll_rms_rad": 0.7166215259546768,
    "pitch_rms_rad": 0.10885378888030198,
    "mean_abs_roll_deg": 26.77863383172712,
    "mean_abs_pitch_deg": 4.192912229239095,
    "max_abs_roll_deg": 171.390417156608,
    "max_abs_pitch_deg": 26.755891474410394,
    "total_path_length_m": 8.570583454128732,
    "num_body_contacts": 7,
    "body_contact_steps": 27,
    "mpc_solve_time_mean_ms": 7.459729993287409,
    "mpc_solve_time_max_ms": 38.28133299975889,
    "sim_wall_time_s": 250.15837504999945
  },
  "case7_blind_locomotion": {
    "case_name": "case7_blind_locomotion",
    "goal_reached": false,
    "traversal_time_s": null,
    "dist_to_goal_final_m": 1.7644326457192343,
    "roll_rms_rad": 1.8347353100007477,
    "pitch_rms_rad": 0.17189003695639482,
    "mean_abs_roll_deg": 91.61415914624654,
    "mean_abs_pitch_deg": 7.812923858314782,
    "max_abs_roll_deg": 179.94733484985977,
    "max_abs_pitch_deg": 28.41049373154682,
    "total_path_length_m": 7.665696535767168,
    "num_body_contacts": 9,
    "body_contact_steps": 74,
    "mpc_solve_time_mean_ms": 7.6649392922546316,
    "mpc_solve_time_max_ms": 46.3530119995994,
    "sim_wall_time_s": 210.8788592739984
  }
}