{
  "bc_083e021_xli1m_utm11_2019": {
    "case_name": "bc_083e021_xli1m_utm11_2019",
    "goal_reached": true,
    "traversal_time_s": 12.459999999998534,
    "dist_to_goal_final_m": 0.07208880550889868,
    "roll_rms_rad": 0.21115938095802692,
    "pitch_rms_rad": 0.05027200841481282,
    "mean_abs_roll_deg": 9.185317819595804,
    "mean_abs_pitch_deg": 2.3256071412316923,
    "max_abs_roll_deg": 39.06483867703189,
    "max_abs_pitch_deg": 12.93638173675104,
    "total_path_length_m": 7.620004766179203,
    "num_body_contacts": 0,
    "body_contact_steps": 0,
    "mpc_solve_time_mean_ms": 10.1787805919339,
    "mpc_solve_time_max_ms": 51.23316699973657,
    "sim_wall_time_s": 524.578889856999
  },
  "bc_093f077_xli1m_utm10_2019": {
    "case_name": "bc_093f077_xli1m_utm10_2019",
    "goal_reached": true,
    "traversal_time_s": 18.024999999999046,
    "dist_to_goal_final_m": 0.16496043998094517,
    "roll_rms_rad": 0.20818577288609177,
    "pitch_rms_rad": 0.05880775957069507,
    "mean_abs_roll_deg": 9.622550812646633,
    "mean_abs_pitch_deg": 2.4554926468855376,
    "max_abs_roll_deg": 35.55003188172123,
    "max_abs_pitch_deg": 13.391678884380914,
    "total_path_length_m": 7.482903550850965,
    "num_body_contacts": 0,
    "body_contact_steps": 0,
    "mpc_solve_time_mean_ms": 10.319905488129734,
    "mpc_solve_time_max_ms": 48.523737998038996,
    "sim_wall_time_s": 535.0856862019973
  },
  "bc_093f097_xli1m_utm10_2019": {
    "case_name": "bc_093f097_xli1m_utm10_2019",
    "goal_reached": true,
    "traversal_time_s": 16.86499999999763,
    "dist_to_goal_final_m": 0.17539238099359847,
    "roll_rms_rad": 0.19190525773262535,
    "pitch_rms_rad": 0.03476284151963161,
    "mean_abs_roll_deg": 8.789486262522228,
    "mean_abs_pitch_deg": 1.5965036737265137,
    "max_abs_roll_deg": 29.719744029447906,
    "max_abs_pitch_deg": 6.85897686102366,
    "total_path_length_m": 8.627837089350123,
    "num_body_contacts": 0,
    "body_contact_steps": 0,
    "mpc_solve_time_mean_ms": 10.461717779973696,
    "mpc_solve_time_max_ms": 47.219776002748404,
    "sim_wall_time_s": 583.2193429170002
  },
  "bc_093g045_xli1m_utm10_2019": {
    "case_name": "bc_093g045_xli1m_utm10_2019",
    "goal_reached": true,
    "traversal_time_s": 16.159999999996767,
    "dist_to_goal_final_m": 0.07274103390176925,
    "roll_rms_rad": 0.1668168587196586,
    "pitch_rms_rad": 0.0401745873287941,
    "mean_abs_roll_deg": 7.629526576999402,
    "mean_abs_pitch_deg": 1.7778393966288186,
    "max_abs_roll_deg": 29.97153151840969,
    "max_abs_pitch_deg": 7.678634210770294,
    "total_path_length_m": 8.334056661530695,
    "num_body_contacts": 0,
    "body_contact_steps": 0,
    "mpc_solve_time_mean_ms": 8.514254940972023,
    "mpc_solve_time_max_ms": 46.31215499830432,
    "sim_wall_time_s": 505.2001314480003
  }
}